student_id,name,age,gpa,attendance,city
1,Emily Johnson,29,,,Phoenix
2,Michael Williams,36,,,Houston
3,Sophia Brown,43,,,Washington
4,James Davis,46,,,Seattle
5,Emma Miller,31,,,Jacksonville
6,Olivia Wilson,23,,,Fort Worth
7,Alexander Jones,39,,,Indianapolis
8,Ava Taylor,28,,,Fort Worth
9,Ethan Martinez,34,,,San Antonio
10,Isabella Anderson,32,,,New York
11,Liam Garcia,30,,,Denver
12,Mia Rodriguez,25,,,Jacksonville
13,Noah Hernandez,41,,,New York
14,Charlotte Lopez,37,,,Columbus
15,William Gonzalez,33,,,San Jose
16,Avery Perez,26,,,Columbus
17,Evelyn Sanchez,38,,,San Diego
18,Logan Torres,32,,,Columbus
19,Abigail Rivera,29,,,Chicago
20,Jackson Evans,35,,,New York
21,Madison Collins,27,,,Philadelphia
22,Elijah Stewart,34,,,Columbus
23,Chloe Morales,40,,,Dallas
24,Mateo Nguyen,31,,,Columbus
25,Harper Kelly,28,,,Philadelphia
26,Evelyn Gonzalez,36,,,Dallas
27,Daniel Cook,42,,,Los Angeles
28,Lily Lee,30,,,Phoenix
29,Henry Hill,39,,,Indianapolis
30,Addison Wright,33,,,San Francisco
